1,aligned-images/Kees/Kees_6.png
1,aligned-images/Kees/Kees_3.png
1,aligned-images/Kees/Kees_0.png
1,aligned-images/Kees/Kees_5.png
1,aligned-images/Kees/Kees_2.png
1,aligned-images/Kees/Kees_8.png
1,aligned-images/Kees/Kees_4.png
1,aligned-images/Kees/Kees_9.png
1,aligned-images/Kees/Kees_7.png
2,aligned-images/Obama/Obama_3.png
2,aligned-images/Obama/Obama_2.png
2,aligned-images/Obama/Obama_6.png
2,aligned-images/Obama/Obama_1.png
2,aligned-images/Obama/Obama_4.png
2,aligned-images/Obama/Obama_0.png
3,aligned-images/Rik/Rik_5.png
3,aligned-images/Rik/Rik_0.png
3,aligned-images/Rik/Rik_12.png
3,aligned-images/Rik/Rik_9.png
3,aligned-images/Rik/Rik_15.png
3,aligned-images/Rik/Rik_8.png
3,aligned-images/Rik/Rik_11.png
3,aligned-images/Rik/Rik_6.png
3,aligned-images/Rik/Rik_10.png
3,aligned-images/Rik/Rik_4.png
3,aligned-images/Rik/Rik_7.png
3,aligned-images/Rik/Rik_14.png
3,aligned-images/Rik/Rik_3.png
3,aligned-images/Rik/Rik_13.png
3,aligned-images/Rik/Rik_2.png
4,aligned-images/Testing123/Testing123_5.png
4,aligned-images/Testing123/Testing123_4.png
4,aligned-images/Testing123/Testing123_1.png
4,aligned-images/Testing123/Testing123_17.png
4,aligned-images/Testing123/Testing123_8.png
4,aligned-images/Testing123/Testing123_7.png
4,aligned-images/Testing123/Testing123_6.png
4,aligned-images/Testing123/Testing123_9.png
4,aligned-images/Testing123/Testing123_20.png
4,aligned-images/Testing123/Testing123_3.png
4,aligned-images/Testing123/Testing123_19.png
4,aligned-images/Testing123/Testing123_18.png
4,aligned-images/Testing123/Testing123_13.png
4,aligned-images/Testing123/Testing123_10.png
4,aligned-images/Testing123/Testing123_2.png
4,aligned-images/Testing123/Testing123_16.png
4,aligned-images/Testing123/Testing123_14.png
4,aligned-images/Testing123/Testing123_12.png
4,aligned-images/Testing123/Testing123_0.png
4,aligned-images/Testing123/Testing123_11.png
5,aligned-images/Jaap/Jaap_3.png
5,aligned-images/Jaap/Jaap_0.png
5,aligned-images/Jaap/Jaap_2.png
6,aligned-images/unknown/41-03.png
6,aligned-images/unknown/25-06.png
6,aligned-images/unknown/36-01.png
6,aligned-images/unknown/28-03.png
6,aligned-images/unknown/21-06.png
6,aligned-images/unknown/25-04.png
6,aligned-images/unknown/26-02.png
6,aligned-images/unknown/32-06.png
6,aligned-images/unknown/39-10.png
6,aligned-images/unknown/34-04.png
6,aligned-images/unknown/41-11.png
6,aligned-images/unknown/9-09.png
6,aligned-images/unknown/10-12.png
6,aligned-images/unknown/29-04.png
6,aligned-images/unknown/44-05.png
6,aligned-images/unknown/8-14.png
6,aligned-images/unknown/50-09.png
6,aligned-images/unknown/29-09.png
6,aligned-images/unknown/36-14.png
6,aligned-images/unknown/9-06.png
6,aligned-images/unknown/9-13.png
6,aligned-images/unknown/23-12.png
6,aligned-images/unknown/33-12.png
6,aligned-images/unknown/22-12.png
6,aligned-images/unknown/34-12.png
6,aligned-images/unknown/50-06.png
6,aligned-images/unknown/38-01.png
6,aligned-images/unknown/23-05.png
6,aligned-images/unknown/21-09.png
6,aligned-images/unknown/33-05.png
6,aligned-images/unknown/19-13.png
6,aligned-images/unknown/41-12.png
6,aligned-images/unknown/48-12.png
6,aligned-images/unknown/13-03.png
6,aligned-images/unknown/14-04.png
6,aligned-images/unknown/32-04.png
6,aligned-images/unknown/27-01.png
6,aligned-images/unknown/22-11.png
6,aligned-images/unknown/50-11.png
6,aligned-images/unknown/8-01.png
6,aligned-images/unknown/36-12.png
6,aligned-images/unknown/39-07.png
6,aligned-images/unknown/21-14.png
6,aligned-images/unknown/48-08.png
6,aligned-images/unknown/43-14.png
6,aligned-images/unknown/19-08.png
6,aligned-images/unknown/14-05.png
6,aligned-images/unknown/42-02.png
6,aligned-images/unknown/42-05.png
6,aligned-images/unknown/13-04.png
6,aligned-images/unknown/25-07.png
6,aligned-images/unknown/38-03.png
6,aligned-images/unknown/42-13.png
6,aligned-images/unknown/10-09.png
6,aligned-images/unknown/50-13.png
6,aligned-images/unknown/13-07.png
6,aligned-images/unknown/35-06.png
6,aligned-images/unknown/35-12.png
6,aligned-images/unknown/34-06.png
6,aligned-images/unknown/27-13.png
6,aligned-images/unknown/31-02.png
6,aligned-images/unknown/47-02.png
6,aligned-images/unknown/18-12.png
6,aligned-images/unknown/30-06.png
6,aligned-images/unknown/49-04.png
6,aligned-images/unknown/21-08.png
6,aligned-images/unknown/35-09.png
6,aligned-images/unknown/22-07.png
6,aligned-images/unknown/26-10.png
6,aligned-images/unknown/43-03.png
6,aligned-images/unknown/17-12.png
6,aligned-images/unknown/45-06.png
6,aligned-images/unknown/39-04.png
6,aligned-images/unknown/50-01.png
6,aligned-images/unknown/44-09.png
6,aligned-images/unknown/43-02.png
6,aligned-images/unknown/16-05.png
6,aligned-images/unknown/27-11.png
6,aligned-images/unknown/46-05.png
6,aligned-images/unknown/30-13.png
6,aligned-images/unknown/23-07.png
6,aligned-images/unknown/21-02.png
6,aligned-images/unknown/34-08.png
6,aligned-images/unknown/25-09.png
6,aligned-images/unknown/24-06.png
6,aligned-images/unknown/13-14.png
6,aligned-images/unknown/42-01.png
6,aligned-images/unknown/43-01.png
6,aligned-images/unknown/43-09.png
6,aligned-images/unknown/19-05.png
6,aligned-images/unknown/30-09.png
6,aligned-images/unknown/25-03.png
6,aligned-images/unknown/41-14.png
6,aligned-images/unknown/43-05.png
6,aligned-images/unknown/47-06.png
6,aligned-images/unknown/46-08.png
6,aligned-images/unknown/40-13.png
6,aligned-images/unknown/26-07.png
6,aligned-images/unknown/48-02.png
6,aligned-images/unknown/13-08.png
6,aligned-images/unknown/31-08.png
6,aligned-images/unknown/30-05.png
6,aligned-images/unknown/43-04.png
6,aligned-images/unknown/9-03.png
6,aligned-images/unknown/24-14.png
6,aligned-images/unknown/41-08.png
6,aligned-images/unknown/33-02.png
6,aligned-images/unknown/17-08.png
6,aligned-images/unknown/45-11.png
6,aligned-images/unknown/8-10.png
6,aligned-images/unknown/13-11.png
6,aligned-images/unknown/42-11.png
6,aligned-images/unknown/45-03.png
6,aligned-images/unknown/34-03.png
6,aligned-images/unknown/25-10.png
6,aligned-images/unknown/41-06.png
6,aligned-images/unknown/16-02.png
6,aligned-images/unknown/14-03.png
6,aligned-images/unknown/34-13.png
6,aligned-images/unknown/28-11.png
6,aligned-images/unknown/35-04.png
6,aligned-images/unknown/25-13.png
6,aligned-images/unknown/18-05.png
6,aligned-images/unknown/25-02.png
6,aligned-images/unknown/40-02.png
6,aligned-images/unknown/16-01.png
6,aligned-images/unknown/47-08.png
6,aligned-images/unknown/25-01.png
6,aligned-images/unknown/37-01.png
6,aligned-images/unknown/20-11.png
6,aligned-images/unknown/9-07.png
6,aligned-images/unknown/26-05.png
6,aligned-images/unknown/34-07.png
6,aligned-images/unknown/26-04.png
6,aligned-images/unknown/8-09.png
6,aligned-images/unknown/24-02.png
6,aligned-images/unknown/50-02.png
6,aligned-images/unknown/10-02.png
6,aligned-images/unknown/22-03.png
6,aligned-images/unknown/37-02.png
6,aligned-images/unknown/18-11.png
6,aligned-images/unknown/37-13.png
6,aligned-images/unknown/39-12.png
6,aligned-images/unknown/26-12.png
6,aligned-images/unknown/40-07.png
6,aligned-images/unknown/42-09.png
6,aligned-images/unknown/18-04.png
6,aligned-images/unknown/20-04.png
6,aligned-images/unknown/31-07.png
6,aligned-images/unknown/8-13.png
6,aligned-images/unknown/16-03.png
6,aligned-images/unknown/20-05.png
6,aligned-images/unknown/36-03.png
6,aligned-images/unknown/18-06.png
6,aligned-images/unknown/23-06.png
6,aligned-images/unknown/20-07.png
6,aligned-images/unknown/33-07.png
6,aligned-images/unknown/39-14.png
6,aligned-images/unknown/22-14.png
6,aligned-images/unknown/42-08.png
6,aligned-images/unknown/17-07.png
6,aligned-images/unknown/44-02.png
6,aligned-images/unknown/10-07.png
6,aligned-images/unknown/36-08.png
6,aligned-images/unknown/32-12.png
6,aligned-images/unknown/29-12.png
6,aligned-images/unknown/30-14.png
6,aligned-images/unknown/36-13.png
6,aligned-images/unknown/8-04.png
6,aligned-images/unknown/18-02.png
6,aligned-images/unknown/37-06.png
6,aligned-images/unknown/29-06.png
6,aligned-images/unknown/38-07.png
6,aligned-images/unknown/24-12.png
6,aligned-images/unknown/18-09.png
6,aligned-images/unknown/23-09.png
6,aligned-images/unknown/19-12.png
6,aligned-images/unknown/24-08.png
6,aligned-images/unknown/29-14.png
6,aligned-images/unknown/47-13.png
6,aligned-images/unknown/38-05.png
6,aligned-images/unknown/24-07.png
6,aligned-images/unknown/26-06.png
6,aligned-images/unknown/20-14.png
6,aligned-images/unknown/31-13.png
6,aligned-images/unknown/40-11.png
6,aligned-images/unknown/19-04.png
6,aligned-images/unknown/36-02.png
6,aligned-images/unknown/41-09.png
6,aligned-images/unknown/42-03.png
6,aligned-images/unknown/28-14.png
6,aligned-images/unknown/8-08.png
6,aligned-images/unknown/17-05.png
6,aligned-images/unknown/26-01.png
6,aligned-images/unknown/19-14.png
6,aligned-images/unknown/46-13.png
6,aligned-images/unknown/40-06.png
6,aligned-images/unknown/28-09.png
6,aligned-images/unknown/22-13.png
6,aligned-images/unknown/45-05.png
6,aligned-images/unknown/28-13.png
6,aligned-images/unknown/44-01.png
6,aligned-images/unknown/17-04.png
6,aligned-images/unknown/20-09.png
6,aligned-images/unknown/41-10.png
6,aligned-images/unknown/17-01.png
6,aligned-images/unknown/33-04.png
6,aligned-images/unknown/32-03.png
6,aligned-images/unknown/49-07.png
6,aligned-images/unknown/29-02.png
6,aligned-images/unknown/32-09.png
6,aligned-images/unknown/45-01.png
6,aligned-images/unknown/46-07.png
6,aligned-images/unknown/42-07.png
6,aligned-images/unknown/10-03.png
6,aligned-images/unknown/31-12.png
6,aligned-images/unknown/10-08.png
6,aligned-images/unknown/43-07.png
6,aligned-images/unknown/35-02.png
6,aligned-images/unknown/9-02.png
6,aligned-images/unknown/44-12.png
6,aligned-images/unknown/39-03.png
6,aligned-images/unknown/21-11.png
6,aligned-images/unknown/22-08.png
6,aligned-images/unknown/18-14.png
6,aligned-images/unknown/26-14.png
6,aligned-images/unknown/39-11.png
6,aligned-images/unknown/16-04.png
6,aligned-images/unknown/43-12.png
6,aligned-images/unknown/48-11.png
6,aligned-images/unknown/47-07.png
6,aligned-images/unknown/30-02.png
6,aligned-images/unknown/17-13.png
6,aligned-images/unknown/10-14.png
6,aligned-images/unknown/49-05.png
6,aligned-images/unknown/16-08.png
6,aligned-images/unknown/44-11.png
6,aligned-images/unknown/49-02.png
6,aligned-images/unknown/27-12.png
6,aligned-images/unknown/44-07.png
6,aligned-images/unknown/47-11.png
6,aligned-images/unknown/45-13.png
6,aligned-images/unknown/37-04.png
6,aligned-images/unknown/8-03.png
6,aligned-images/unknown/36-06.png
6,aligned-images/unknown/20-03.png
6,aligned-images/unknown/17-06.png
6,aligned-images/unknown/45-07.png
6,aligned-images/unknown/49-11.png
6,aligned-images/unknown/31-09.png
6,aligned-images/unknown/48-13.png
6,aligned-images/unknown/26-09.png
6,aligned-images/unknown/33-13.png
6,aligned-images/unknown/9-12.png
6,aligned-images/unknown/47-04.png
6,aligned-images/unknown/21-13.png
6,aligned-images/unknown/27-09.png
6,aligned-images/unknown/10-13.png
6,aligned-images/unknown/32-07.png
6,aligned-images/unknown/9-11.png
6,aligned-images/unknown/29-05.png
6,aligned-images/unknown/27-04.png
6,aligned-images/unknown/33-01.png
6,aligned-images/unknown/21-05.png
6,aligned-images/unknown/48-03.png
6,aligned-images/unknown/14-13.png
6,aligned-images/unknown/23-14.png
6,aligned-images/unknown/39-09.png
6,aligned-images/unknown/39-02.png
6,aligned-images/unknown/44-03.png
6,aligned-images/unknown/46-06.png
6,aligned-images/unknown/19-11.png
6,aligned-images/unknown/31-11.png
6,aligned-images/unknown/27-06.png
6,aligned-images/unknown/33-08.png
6,aligned-images/unknown/33-06.png
6,aligned-images/unknown/47-12.png
6,aligned-images/unknown/27-08.png
6,aligned-images/unknown/29-01.png
6,aligned-images/unknown/37-11.png
6,aligned-images/unknown/29-13.png
6,aligned-images/unknown/39-13.png
6,aligned-images/unknown/50-07.png
6,aligned-images/unknown/44-04.png
6,aligned-images/unknown/13-02.png
6,aligned-images/unknown/45-04.png
6,aligned-images/unknown/9-14.png
6,aligned-images/unknown/47-01.png
6,aligned-images/unknown/43-11.png
6,aligned-images/unknown/28-02.png
6,aligned-images/unknown/50-05.png
6,aligned-images/unknown/38-11.png
6,aligned-images/unknown/14-14.png
6,aligned-images/unknown/9-05.png
6,aligned-images/unknown/20-01.png
6,aligned-images/unknown/42-12.png
6,aligned-images/unknown/20-02.png
6,aligned-images/unknown/38-08.png
6,aligned-images/unknown/23-08.png
6,aligned-images/unknown/34-14.png
6,aligned-images/unknown/18-08.png
6,aligned-images/unknown/16-14.png
6,aligned-images/unknown/29-11.png
6,aligned-images/unknown/23-04.png
6,aligned-images/unknown/34-02.png
6,aligned-images/unknown/24-13.png
6,aligned-images/unknown/17-11.png
6,aligned-images/unknown/19-06.png
6,aligned-images/unknown/40-08.png
6,aligned-images/unknown/30-11.png
6,aligned-images/unknown/45-14.png
6,aligned-images/unknown/10-06.png
6,aligned-images/unknown/23-02.png
6,aligned-images/unknown/42-04.png
6,aligned-images/unknown/28-07.png
6,aligned-images/unknown/13-05.png
6,aligned-images/unknown/48-04.png
6,aligned-images/unknown/32-13.png
6,aligned-images/unknown/50-08.png
6,aligned-images/unknown/39-06.png
6,aligned-images/unknown/47-10.png
6,aligned-images/unknown/43-13.png
6,aligned-images/unknown/20-08.png
6,aligned-images/unknown/21-03.png
6,aligned-images/unknown/36-05.png
6,aligned-images/unknown/32-08.png
6,aligned-images/unknown/34-05.png
6,aligned-images/unknown/28-05.png
6,aligned-images/unknown/16-09.png
6,aligned-images/unknown/13-10.png
6,aligned-images/unknown/31-03.png
6,aligned-images/unknown/8-07.png
6,aligned-images/unknown/25-05.png
6,aligned-images/unknown/44-10.png
6,aligned-images/unknown/41-01.png
6,aligned-images/unknown/49-10.png
6,aligned-images/unknown/18-13.png
6,aligned-images/unknown/37-09.png
6,aligned-images/unknown/39-01.png
6,aligned-images/unknown/45-08.png
6,aligned-images/unknown/46-09.png
6,aligned-images/unknown/27-07.png
6,aligned-images/unknown/36-11.png
6,aligned-images/unknown/8-11.png
6,aligned-images/unknown/25-08.png
6,aligned-images/unknown/41-05.png
6,aligned-images/unknown/24-04.png
6,aligned-images/unknown/14-02.png
6,aligned-images/unknown/35-07.png
6,aligned-images/unknown/48-01.png
6,aligned-images/unknown/45-09.png
6,aligned-images/unknown/19-09.png
6,aligned-images/unknown/34-09.png
6,aligned-images/unknown/17-02.png
6,aligned-images/unknown/27-03.png
6,aligned-images/unknown/34-11.png
6,aligned-images/unknown/19-07.png
6,aligned-images/unknown/24-05.png
6,aligned-images/unknown/31-05.png
6,aligned-images/unknown/16-06.png
6,aligned-images/unknown/48-10.png
6,aligned-images/unknown/38-06.png
6,aligned-images/unknown/38-13.png
6,aligned-images/unknown/30-08.png
6,aligned-images/unknown/24-03.png
6,aligned-images/unknown/49-09.png
6,aligned-images/unknown/27-02.png
6,aligned-images/unknown/32-11.png
6,aligned-images/unknown/16-12.png
6,aligned-images/unknown/20-13.png
6,aligned-images/unknown/14-07.png
6,aligned-images/unknown/8-06.png
6,aligned-images/unknown/37-07.png
6,aligned-images/unknown/32-14.png
6,aligned-images/unknown/13-12.png
6,aligned-images/unknown/10-11.png
6,aligned-images/unknown/23-13.png
6,aligned-images/unknown/48-07.png
6,aligned-images/unknown/19-03.png
6,aligned-images/unknown/41-13.png
6,aligned-images/unknown/44-14.png
6,aligned-images/unknown/13-06.png
6,aligned-images/unknown/9-01.png
6,aligned-images/unknown/48-05.png
6,aligned-images/unknown/21-07.png
6,aligned-images/unknown/30-10.png
6,aligned-images/unknown/35-05.png
6,aligned-images/unknown/49-12.png
6,aligned-images/unknown/26-03.png
6,aligned-images/unknown/45-02.png
6,aligned-images/unknown/18-07.png
6,aligned-images/unknown/37-03.png
6,aligned-images/unknown/33-09.png
6,aligned-images/unknown/43-08.png
6,aligned-images/unknown/33-03.png
6,aligned-images/unknown/31-14.png
6,aligned-images/unknown/40-09.png
6,aligned-images/unknown/8-02.png
6,aligned-images/unknown/28-06.png
6,aligned-images/unknown/37-08.png
6,aligned-images/unknown/41-07.png
6,aligned-images/unknown/28-12.png
6,aligned-images/unknown/25-12.png
6,aligned-images/unknown/32-05.png
6,aligned-images/unknown/9-04.png
6,aligned-images/unknown/30-04.png
6,aligned-images/unknown/22-02.png
6,aligned-images/unknown/28-08.png
6,aligned-images/unknown/41-04.png
6,aligned-images/unknown/40-01.png
6,aligned-images/unknown/14-06.png
6,aligned-images/unknown/33-11.png
6,aligned-images/unknown/8-12.png
6,aligned-images/unknown/13-01.png
6,aligned-images/unknown/35-11.png
6,aligned-images/unknown/35-13.png
6,aligned-images/unknown/32-10.png
6,aligned-images/unknown/46-12.png
6,aligned-images/unknown/10-05.png
6,aligned-images/unknown/49-03.png
6,aligned-images/unknown/9-08.png
6,aligned-images/unknown/20-12.png
6,aligned-images/unknown/38-02.png
6,aligned-images/unknown/25-11.png
6,aligned-images/unknown/38-09.png
6,aligned-images/unknown/46-03.png
6,aligned-images/unknown/23-03.png
6,aligned-images/unknown/40-14.png
6,aligned-images/unknown/41-02.png
6,aligned-images/unknown/28-04.png
6,aligned-images/unknown/19-02.png
6,aligned-images/unknown/10-01.png
6,aligned-images/unknown/26-11.png
6,aligned-images/unknown/23-11.png
6,aligned-images/unknown/24-11.png
6,aligned-images/unknown/26-08.png
6,aligned-images/unknown/23-10.png
6,aligned-images/unknown/48-09.png
6,aligned-images/unknown/38-12.png
6,aligned-images/unknown/46-11.png
6,aligned-images/unknown/50-03.png
6,aligned-images/unknown/22-01.png
6,aligned-images/unknown/14-01.png
6,aligned-images/unknown/13-13.png
6,aligned-images/unknown/21-04.png
6,aligned-images/unknown/47-05.png
6,aligned-images/unknown/29-03.png
6,aligned-images/unknown/48-06.png
6,aligned-images/unknown/32-02.png
6,aligned-images/unknown/35-14.png
6,aligned-images/unknown/47-03.png
6,aligned-images/unknown/39-05.png
6,aligned-images/unknown/17-14.png
6,aligned-images/unknown/44-13.png
6,aligned-images/unknown/16-10.png
6,aligned-images/unknown/37-12.png
6,aligned-images/unknown/46-04.png
6,aligned-images/unknown/17-03.png
6,aligned-images/unknown/18-03.png
6,aligned-images/unknown/14-08.png
6,aligned-images/unknown/13-09.png
6,aligned-images/unknown/35-03.png
6,aligned-images/unknown/22-04.png
6,aligned-images/unknown/22-06.png
6,aligned-images/unknown/40-03.png
6,aligned-images/unknown/40-05.png
6,aligned-images/unknown/30-12.png
6,aligned-images/unknown/45-12.png
6,aligned-images/unknown/21-12.png
6,aligned-images/unknown/49-13.png
6,aligned-images/unknown/28-01.png
6,aligned-images/unknown/31-06.png
6,aligned-images/unknown/36-09.png
6,aligned-images/unknown/35-08.png
6,aligned-images/unknown/32-01.png
6,aligned-images/unknown/44-08.png
6,aligned-images/unknown/49-06.png
6,aligned-images/unknown/40-12.png
6,aligned-images/unknown/16-11.png
6,aligned-images/unknown/30-03.png
6,aligned-images/unknown/29-08.png
6,aligned-images/unknown/50-12.png
6,aligned-images/unknown/22-05.png
6,aligned-images/unknown/29-07.png
6,aligned-images/unknown/14-09.png
6,aligned-images/unknown/27-14.png
6,aligned-images/unknown/36-04.png
6,aligned-images/unknown/49-08.png
6,aligned-images/unknown/45-10.png
6,aligned-images/unknown/36-10.png
6,aligned-images/unknown/43-06.png
6,aligned-images/unknown/47-09.png
6,aligned-images/unknown/14-11.png
6,aligned-images/unknown/37-05.png
6,aligned-images/unknown/10-04.png
6,aligned-images/unknown/18-01.png
6,aligned-images/unknown/42-14.png
6,aligned-images/unknown/46-02.png
6,aligned-images/unknown/14-12.png
6,aligned-images/unknown/23-01.png
6,aligned-images/unknown/27-05.png
6,aligned-images/unknown/20-06.png
6,aligned-images/unknown/39-08.png
6,aligned-images/unknown/33-14.png
6,aligned-images/unknown/17-09.png
6,aligned-images/unknown/49-01.png
6,aligned-images/unknown/44-06.png
6,aligned-images/unknown/36-07.png
6,aligned-images/unknown/26-13.png
6,aligned-images/unknown/42-06.png
6,aligned-images/unknown/21-01.png
6,aligned-images/unknown/31-04.png
6,aligned-images/unknown/25-14.png
6,aligned-images/unknown/8-05.png
6,aligned-images/unknown/16-13.png
6,aligned-images/unknown/40-04.png
6,aligned-images/unknown/16-07.png
6,aligned-images/unknown/38-04.png
6,aligned-images/unknown/50-04.png
6,aligned-images/unknown/30-07.png
7,aligned-images/Sofie/Sofie_4.png
7,aligned-images/Sofie/Sofie_3.png
7,aligned-images/Sofie/Sofie_5.png
7,aligned-images/Sofie/Sofie_1.png
7,aligned-images/Sofie/Sofie_0.png
8,aligned-images/Brandon/Brandon_6.png
8,aligned-images/Brandon/Brandon_5.png
8,aligned-images/Brandon/Brandon_4.png
8,aligned-images/Brandon/Brandon_0.png
8,aligned-images/Brandon/Brandon_7.png
8,aligned-images/Brandon/Brandon_2.png
8,aligned-images/Brandon/Brandon_3.png
